mutant,functional_status
K3N_G4_del,tolerated
G4_del,tolerated
E5_del,tolerated
E6_del,tolerated
T9_del_G10R,tolerated
G10_del,tolerated
V12_del,tolerated
H25_del,tolerated
T38_del,tolerated
C48_del,tolerated
T50_del,tolerated
T50_del_G51S,tolerated
L53_del,tolerated
P75_del_D76H,tolerated
D76_del,tolerated
K79_del,tolerated
E132D_D133_del,tolerated
G138_del,tolerated
M153_del_A154T,tolerated
A154_del,tolerated
D155_del,tolerated
K158_del,tolerated
G160_del,tolerated
I171M_E172_del,tolerated
G174_del,tolerated
S175_del,tolerated
G189_del,tolerated
D190_del,tolerated
P192_del_V193L,tolerated
P196_del,tolerated
D197_del,tolerated
N198_del,tolerated
P211_del_N212H,tolerated
A226_del_A227_del,tolerated
A227_del,tolerated
G228_del,tolerated
L231_del,tolerated
M233_del_D234N,tolerated
D234E_E235_del,tolerated
E235_del,tolerated
Y237_del,tolerated
egfp_WT,tolerated
K3_del_G4S,non-tolerated
G20_del,non-tolerated
F27_del_S28C,non-tolerated
S30_del_G31C,non-tolerated
E34_del,non-tolerated
D36_del,non-tolerated
K45_del_F46I,non-tolerated
W57_del,non-tolerated
L64_del,non-tolerated
L64_del_T65P,non-tolerated
Y66_del_G67C,non-tolerated
S72_del,non-tolerated
R73_del,non-tolerated
A87_del,non-tolerated
V93_del_Q94E,non-tolerated
Q94_del,non-tolerated
D103_del,non-tolerated
K107_del,non-tolerated
A110_del,non-tolerated
E111_del,non-tolerated
V120_del,non-tolerated
V120_del_N121D,non-tolerated
G127_del_I128V,non-tolerated
L137_del,non-tolerated
Y145_del,non-tolerated
H148_del,non-tolerated
V150_del_Y151D,non-tolerated
Y151_del,non-tolerated
K162_del,non-tolerated
H169_del,non-tolerated
N170_del,non-tolerated
D180_del,non-tolerated
P187_del,non-tolerated
Q204_del,non-tolerated
A206_del,non-tolerated
L207_del,non-tolerated
L207_del_S208R,non-tolerated
M218I_V219_del,non-tolerated
L220_del,non-tolerated
L221_del,non-tolerated